-- Insert demo classes and subjects
INSERT INTO public.classes (id, school_id, name, level) VALUES
  ('10000000-0000-0000-0000-000000000001', '00000000-0000-0000-0000-000000000001', 'Grade 10', 10),
  ('10000000-0000-0000-0000-000000000002', '00000000-0000-0000-0000-000000000001', 'Grade 11', 11),
  ('10000000-0000-0000-0000-000000000003', '00000000-0000-0000-0000-000000000001', 'Grade 9', 9);

INSERT INTO public.sections (id, class_id, name, capacity) VALUES
  ('20000000-0000-0000-0000-000000000001', '10000000-0000-0000-0000-000000000001', 'A', 30),
  ('20000000-0000-0000-0000-000000000002', '10000000-0000-0000-0000-000000000001', 'B', 30),
  ('20000000-0000-0000-0000-000000000003', '10000000-0000-0000-0000-000000000002', 'A', 28),
  ('20000000-0000-0000-0000-000000000004', '10000000-0000-0000-0000-000000000003', 'A', 32);

INSERT INTO public.subjects (id, school_id, name, code) VALUES
  ('30000000-0000-0000-0000-000000000001', '00000000-0000-0000-0000-000000000001', 'Mathematics', 'MATH'),
  ('30000000-0000-0000-0000-000000000002', '00000000-0000-0000-0000-000000000001', 'Physics', 'PHY'),
  ('30000000-0000-0000-0000-000000000003', '00000000-0000-0000-0000-000000000001', 'Chemistry', 'CHEM'),
  ('30000000-0000-0000-0000-000000000004', '00000000-0000-0000-0000-000000000001', 'English', 'ENG'),
  ('30000000-0000-0000-0000-000000000005', '00000000-0000-0000-0000-000000000001', 'History', 'HIST');

-- Insert demo students
INSERT INTO public.students (id, school_id, student_id, class_id, section_id, first_name, last_name, date_of_birth, gender, parent_email) VALUES
  ('40000000-0000-0000-0000-000000000001', '00000000-0000-0000-0000-000000000001', 'STU2024001', '10000000-0000-0000-0000-000000000001', '20000000-0000-0000-0000-000000000001', 'Emma', 'Johnson', '2008-05-15', 'Female', 'parent@demo.com'),
  ('40000000-0000-0000-0000-000000000002', '00000000-0000-0000-0000-000000000001', 'STU2024002', '10000000-0000-0000-0000-000000000003', '20000000-0000-0000-0000-000000000004', 'Liam', 'Johnson', '2010-08-22', 'Male', 'parent@demo.com'),
  ('40000000-0000-0000-0000-000000000003', '00000000-0000-0000-0000-000000000001', 'STU2024003', '10000000-0000-0000-0000-000000000001', '20000000-0000-0000-0000-000000000001', 'Sarah', 'Davis', '2008-11-03', 'Female', 'parent2@demo.com'),
  ('40000000-0000-0000-0000-000000000004', '00000000-0000-0000-0000-000000000001', 'STU2024004', '10000000-0000-0000-0000-000000000002', '20000000-0000-0000-0000-000000000003', 'Michael', 'Wilson', '2007-02-18', 'Male', 'parent3@demo.com'),
  ('40000000-0000-0000-0000-000000000005', '00000000-0000-0000-0000-000000000001', 'STU2024005', '10000000-0000-0000-0000-000000000001', '20000000-0000-0000-0000-000000000002', 'Olivia', 'Brown', '2008-09-12', 'Female', 'parent4@demo.com');

-- Insert fee plans
INSERT INTO public.fee_plans (id, school_id, class_id, name, amount, frequency) VALUES
  ('50000000-0000-0000-0000-000000000001', '00000000-0000-0000-0000-000000000001', '10000000-0000-0000-0000-000000000001', 'Grade 10 Monthly Fee', 450.00, 'MONTHLY'),
  ('50000000-0000-0000-0000-000000000002', '00000000-0000-0000-0000-000000000001', '10000000-0000-0000-0000-000000000002', 'Grade 11 Monthly Fee', 475.00, 'MONTHLY'),
  ('50000000-0000-0000-0000-000000000003', '00000000-0000-0000-0000-000000000001', '10000000-0000-0000-0000-000000000003', 'Grade 9 Monthly Fee', 425.00, 'MONTHLY');

-- Insert sample invoices
INSERT INTO public.invoices (id, school_id, student_id, fee_plan_id, invoice_number, amount, total_amount, due_date, status) VALUES
  ('60000000-0000-0000-0000-000000000001', '00000000-0000-0000-0000-000000000001', '40000000-0000-0000-0000-000000000001', '50000000-0000-0000-0000-000000000001', 'INV-2024-001', 450.00, 450.00, '2024-03-20', 'PENDING'),
  ('60000000-0000-0000-0000-000000000002', '00000000-0000-0000-0000-000000000001', '40000000-0000-0000-0000-000000000002', '50000000-0000-0000-0000-000000000003', 'INV-2024-002', 425.00, 425.00, '2024-03-20', 'PENDING');